{
    "total_debt": 0.0,
    "current_rate": 1.2328799188658783,
    "stability_fee": 23.287991886587832,
    "spot_price": 0.037250955652110534,
    "liquidation_ratio": 26.844948874307413,
    "debt_ceiling": 0.0,
    "dust_limit": 10000.0,
    "current_debt": 0.0,
    "utilization": 0,
    "collateral_token": "Kyber Network Crystal",
    "is_live": 1,
    "decimals": 18,
    "address": "0xdd974D5C2e2928deA5F71b9825b8b646686BD200"
}