{
    "total_debt": 0.0,
    "current_rate": 1.1849781586438952,
    "stability_fee": 18.497815864389523,
    "spot_price": 0.003340532240329218,
    "liquidation_ratio": 299.3534946100228,
    "debt_ceiling": 0.0,
    "dust_limit": 10000.0,
    "current_debt": 0.0,
    "utilization": 0,
    "collateral_token": "LoopringCoin V2",
    "is_live": 1,
    "decimals": 18,
    "address": "0xBBbbCA6A901c926F240b89EacB641d8Aec7AEafD"
}