{
    "total_debt": 0.0,
    "current_rate": 1.0929587145094153,
    "stability_fee": 9.29587145094153,
    "spot_price": 24333058.0,
    "liquidation_ratio": 4.109635541903529e-08,
    "debt_ceiling": 20000000.0,
    "dust_limit": 0.0,
    "current_debt": 0.0,
    "utilization": 0.0,
    "collateral_token": "RWA010-A: Centrifuge: BlockTower Credit (I)",
    "is_live": 3,
    "decimals": 18,
    "address": "0x20C72C1fdd589C4Aaa8d9fF56a43F3B17BA129f8"
}