{
    "total_debt": 0.0,
    "current_rate": 1.0929587145094153,
    "stability_fee": 9.29587145094153,
    "spot_price": 36499587.0,
    "liquidation_ratio": 2.739757027935686e-08,
    "debt_ceiling": 30000000.000000004,
    "dust_limit": 0.0,
    "current_debt": 0.0,
    "utilization": 0.0,
    "collateral_token": "RWA011-A: Centrifuge: BlockTower Credit (II)",
    "is_live": 3,
    "decimals": 18,
    "address": "0x0b126F85285d1786F52FC911AfFaaf0d9253e37a"
}