{
    "total_debt": 13764209.68036908,
    "current_rate": 1.126532259901656,
    "stability_fee": 12.653225990165605,
    "spot_price": 15913500.0,
    "liquidation_ratio": 6.283972727558363e-08,
    "debt_ceiling": 15000000.000000002,
    "dust_limit": 0.0,
    "current_debt": 15505826.23698643,
    "utilization": 103.37217491324286,
    "collateral_token": "RWA001-A: 6s Capital",
    "is_live": 3,
    "decimals": 18,
    "address": "0x10b2aA5D77Aa6484886d8e244f0686aB319a270d"
}