{
    "total_debt": 67842237.93296893,
    "current_rate": 1.0929587145094153,
    "stability_fee": 9.29587145094153,
    "spot_price": 85165703.0,
    "liquidation_ratio": 1.1741815834010083e-08,
    "debt_ceiling": 70000000.0,
    "dust_limit": 0.0,
    "current_debt": 74148765.16065961,
    "utilization": 105.92680737237087,
    "collateral_token": "RWA013-A: Centrifuge: BlockTower Credit (IV)",
    "is_live": 3,
    "decimals": 18,
    "address": "0xD6C7FD4392D328e4a8f8bC50F4128B64f4dB2d4C"
}