{
    "total_debt": 0.0,
    "current_rate": 1.0380156340689464,
    "stability_fee": 3.801563406894637,
    "spot_price": 0.06666666666666667,
    "liquidation_ratio": 15.0,
    "debt_ceiling": 0.0,
    "dust_limit": 15000.000000000002,
    "current_debt": 0.0,
    "utilization": 0,
    "collateral_token": "USD Coin",
    "is_live": 1,
    "decimals": 6,
    "address": "0xA0b86991c6218b36c1d19D4a2e9Eb0cE3606eB48"
}