{
    "total_debt": 497440080.2904906,
    "current_rate": 1.0174713918753788,
    "stability_fee": 1.7471391875378828,
    "spot_price": 2148.7575747981446,
    "liquidation_ratio": 0.00046538521224012,
    "debt_ceiling": 500000000.00000006,
    "dust_limit": 3500.0,
    "current_debt": 506131050.8677657,
    "utilization": 101.22621017355313,
    "collateral_token": "Wrapped liquid staked Ether 2.0",
    "is_live": 1,
    "decimals": 18,
    "address": "0x7f39C581F595B53c5cb19bD0b3f8dA6c935E2Ca0"
}