{
    "total_debt": 0.0,
    "current_rate": 1.0576046414985492,
    "stability_fee": 5.760464149854916,
    "spot_price": 0.5096147890030116,
    "liquidation_ratio": 1.962266444339963,
    "debt_ceiling": 0.0,
    "dust_limit": 10000.0,
    "current_debt": 0.0,
    "utilization": 0,
    "collateral_token": "Balancer",
    "is_live": 1,
    "decimals": 18,
    "address": "0xba100000625a3754423978a60c9317c58a424e3D"
}