{
    "total_debt": 484098187.88,
    "current_rate": 1.0,
    "stability_fee": 0.0,
    "spot_price": 1.0,
    "liquidation_ratio": 1.0,
    "debt_ceiling": 500000000.00000006,
    "dust_limit": 0.0,
    "current_debt": 484098187.88,
    "utilization": 96.81963757599999,
    "collateral_token": "Gemini dollar",
    "is_live": 1,
    "decimals": 2,
    "address": "0x056Fd409E1d7A124BD7017459dFEa2F387b6d5Cd"
}