{
    "total_debt": 0.0,
    "current_rate": 1.1334982388449704,
    "stability_fee": 13.349823884497036,
    "spot_price": 30.567582511561163,
    "liquidation_ratio": 0.03271439603121325,
    "debt_ceiling": 0.0,
    "dust_limit": 10000.0,
    "current_debt": 0.0,
    "utilization": 0,
    "collateral_token": "Uniswap V2",
    "is_live": 1,
    "decimals": 18,
    "address": "0xa2107FA5B38d9bbd2C461D6EDf11B11A50F6b974"
}