{
    "total_debt": 1016965.5908157647,
    "current_rate": 1.076496059151083,
    "stability_fee": 7.649605915108304,
    "spot_price": 245109190.94757232,
    "liquidation_ratio": 4.079814372256221e-09,
    "debt_ceiling": 0.0,
    "dust_limit": 60000.00000000001,
    "current_debt": 1094759.4508054235,
    "utilization": 0,
    "collateral_token": "Uniswap V2",
    "is_live": 1,
    "decimals": 18,
    "address": "0xB4e16d0168e52d35CaCD2c6185b44281Ec28C9Dc"
}