{
    "total_debt": 0.0,
    "current_rate": 6.971206716277405,
    "stability_fee": 597.1206716277405,
    "spot_price": 0.8333333333333334,
    "liquidation_ratio": 1.2,
    "debt_ceiling": 0.0,
    "dust_limit": 10000.0,
    "current_debt": 0.0,
    "utilization": 0,
    "collateral_token": "USD Coin",
    "is_live": 1,
    "decimals": 6,
    "address": "0xA0b86991c6218b36c1d19D4a2e9Eb0cE3606eB48"
}